{
	"info": {
		"title": "Kony MobileFabric Logic (Node.js) sample application for managing getMfTestLogger",
		"version": "1.0.0",
		"description": "This sample application demonstrates use of Logic (Node.js) app in Kony MobileFabric"
	},
	"host": "localhost:9000",
	"basePath": "/services/getMfTestLogger",
	"swagger": "2.0",
	"paths": {
		"/api/v1/getMfLogger": {
			
			"get": {
				"description": "Returns a Single Person Details",
				"produces": ["application/json"],
				"parameters": [{
					"name": "id",
					"description": "Register id",
					"in": "query",
					"required": true,
					"type": "string"
				}],
				"responses": {
					"200": {
						"description": "Person Contact Details",
						"schema": {
							"$ref": ""
						}
					}
				},
				"mfidentitylevel": "public"
			}			
		},
		"/api/v1/contact":{
			"get": {
				"tags": ["Contacts"],
				"description": "Returns a Single Person Details",
				"produces": ["application/json"],
				"parameters": [{
					"name": "id",
					"description": "Register id",
					"in": "query",
					"required": true,
					"type": "string"
				}],
				"responses": {
					"200": {
						"description": "Person Contact Details",
						"schema": {
							"$ref": ""
						}
					}
				},
				"mfidentitylevel": "public"
			}
		}
	},
	"responses": {},
	"parameters": {},
	"securityDefinitions": {},
	"tags": []
}